input, time
7,0.011008977890014648
9,0.01598668098449707
10,0.020998716354370117
11,0.0340728759765625
12,0.06599879264831543
2,0.011003255844116211
1,0.009000062942504883
16,2.2949070930480957
15,0.8916420936584473
12,0.0695033073425293
